pdb_id,status,holo_apo,ligands,seq_len_total_observed,chain_lengths,comments
1A52,ok,holo,AU;EST,479,A:239obs/239span;B:240obs/240span,
1ERE,ok,holo,EST,1410,A:235obs/244span;B:235obs/244span;C:235obs/244span;D:235obs/244span;E:235obs/244span;F:235obs/244span,
1ERR,ok,holo,CCS;RAL,446,A:224obs/241span;B:222obs/246span,
1G50,ok,holo,EST,737,A:247obs/247span;B:246obs/246span;C:244obs/244span,
1GWQ,ok,holo,ZTW,503,A:243obs/248span;B:242obs/248span;C:9obs/9span;D:9obs/9span,
1GWR,ok,holo,EST,495,A:238obs/244span;B:239obs/244span;C:9obs/9span;D:9obs/9span,
1HCP,ok,holo,ZN,75,A:75obs/75span,DNA based
1HCQ,ok,holo,ZN,290,A:74obs/74span;B:71obs/71span;E:74obs/74span;F:71obs/73span,DNA based
1L2I,ok,holo,CCS;ETC,484,A:233obs/243span;B:231obs/243span;C:10obs/10span;D:10obs/10span,
1PCG,ok,holo,DCY;EST,491,A:232obs/244span;B:243obs/244span;E:8obs/9span;F:8obs/9span,
1QKT,ok,holo,EST,248,A:248obs/248span,
1QKU,ok,holo,EST,744,A:250obs/250span;B:247obs/247span;C:247obs/247span,
1R5K,ok,holo,GW5,706,A:236obs/240span;B:235obs/239span;C:235obs/239span,
1SJ0,ok,holo,E4D,243,A:243obs/245span,
1UOM,ok,holo,PTI,232,A:232obs/241span,
1X7E,ok,holo,244,498,A:238obs/245span;B:238obs/245span;C:11obs/11span;D:11obs/11span,
1X7R,ok,holo,GEN,244,A:235obs/242span;B:9obs/9span,
1XP1,ok,holo,AIH,245,A:245obs/245span,
1XP6,ok,holo,AIU,245,A:245obs/245span,
1XP9,ok,holo,AIJ,245,A:245obs/245span,
1XPC,ok,holo,AIT,245,A:245obs/245span,
1XQC,ok,holo,AEJ,890,A:224obs/242span;B:221obs/242span;C:224obs/242span;D:221obs/242span,
1YIM,ok,holo,CM4,245,A:245obs/245span,
1YIN,ok,holo,CM3,241,A:241obs/245span,
1ZKY,ok,holo,689;CME,497,A:236obs/246span;B:242obs/245span;C:10obs/10span;D:9obs/9span,
2AYR,ok,holo,L4G,246,A:246obs/246span,
2B1V,ok,holo,458;CME,492,A:233obs/244span;B:241obs/245span;C:9obs/9span;D:9obs/9span,
2B1Z,ok,holo,17M;CME,484,A:232obs/244span;B:235obs/243span;C:8obs/8span;D:9obs/9span,
2B23,ok,holo,CME,475,A:226obs/244span;B:230obs/243span;C:10obs/10span;D:9obs/9span,
2BJ4,ok,holo,CCS;OHT,461,A:218obs/224span;B:221obs/226span;C:11obs/11span;D:11obs/11span,
2FAI,ok,holo,459;CME,495,A:233obs/244span;B:242obs/245span;C:10obs/10span;D:10obs/10span,
2G44,ok,holo,CME;T3O,486,A:234obs/244span;B:234obs/247span;C:9obs/9span;D:9obs/9span,
2G5O,ok,holo,CME;DRQ,490,A:235obs/245span;B:236obs/247span;C:10obs/10span;D:9obs/9span,
2I0J,ok,holo,I0G,896,A:221obs/223span;B:227obs/242span;C:223obs/223span;D:225obs/242span,
2IOG,ok,holo,IOG,243,A:243obs/243span,
2IOK,ok,holo,IOK,455,A:227obs/239span;B:228obs/239span,
2JF9,ok,holo,BCT;OHT,677,A:215obs/224span;B:209obs/225span;C:214obs/225span;P:13obs/13span;Q:13obs/13span;R:13obs/13span,
2JFA,ok,holo,CCS;RAL,473,A:221obs/225span;B:222obs/223span;P:15obs/15span;Q:15obs/15span,
2LLO,ok,apo,,99,A:80obs/80span;B:19obs/19span,
2LLQ,ok,apo,,86,A:67obs/67span;B:19obs/19span,
2OCF,ok,holo,CME;EST,324,A:231obs/244span;D:93obs/93span,
2OUZ,ok,holo,C3D,246,A:246obs/246span,
2P15,ok,holo,EZT,506,A:242obs/245span;B:242obs/245span;C:11obs/11span;D:11obs/11span,
2POG,ok,holo,WST,444,A:233obs/245span;B:211obs/223span,
2Q6J,ok,holo,A48,495,A:242obs/244span;B:233obs/244span;C:10obs/10span;D:10obs/10span,
2Q70,ok,holo,DC8,446,A:235obs/244span;B:211obs/223span,
2QA6,ok,holo,KN2,505,A:243obs/245span;B:242obs/245span;C:9obs/9span;D:11obs/11span,
2QA8,ok,holo,CME;GEN,482,A:229obs/244span;B:234obs/245span;C:10obs/10span;D:9obs/9span,
2QAB,ok,holo,EI1,501,A:236obs/244span;B:245obs/245span;C:11obs/11span;D:9obs/9span,
2QE4,ok,holo,JJ3,411,A:207obs/223span;B:204obs/223span,
2QGT,ok,holo,EED,498,A:237obs/244span;B:239obs/244span;C:10obs/10span;D:12obs/12span,
2QGW,ok,holo,EES,498,A:236obs/244span;B:242obs/245span;C:11obs/11span;D:9obs/9span,
2QH6,ok,holo,ODE,480,A:232obs/245span;B:228obs/243span;C:10obs/10span;D:10obs/10span,
2QR9,ok,holo,HZ3,505,A:242obs/245span;B:242obs/245span;C:10obs/10span;D:11obs/11span,
2QSE,ok,holo,1HP,501,A:238obs/245span;B:242obs/245span;C:10obs/10span;D:11obs/11span,
2QXM,ok,holo,PIQ,496,A:233obs/245span;B:242obs/245span;C:11obs/11span;D:10obs/10span,
2QXS,ok,holo,CME;RAL,461,A:236obs/242span;B:225obs/243span,
2QZO,ok,holo,CME;KN1,480,A:227obs/245span;B:235obs/244span;C:9obs/9span;D:9obs/9span,
2R6W,ok,holo,LLB,452,A:229obs/244span;B:223obs/241span,
2R6Y,ok,holo,LLC,453,A:232obs/244span;B:221obs/240span,
2YAT,ok,holo,EEU;EU,227,A:227obs/248span,
2YJA,ok,holo,EST;MK8;NH2,254,A:9obs/11span;B:245obs/245span,
3CBM,ok,holo,MLZ;SAH,249,A:243obs/249span;B:6obs/7span,
3CBO,ok,holo,MLZ;SAH,243,A:239obs/249span;B:4obs/5span,
3CBP,ok,holo,SFG,243,A:239obs/247span;B:4obs/4span,
3DT3,ok,holo,369,476,A:236obs/246span;B:240obs/243span,
3ERD,ok,holo,ACY;DES,508,A:246obs/246span;B:238obs/246span;C:12obs/12span;D:12obs/12span,
3ERT,ok,holo,OHT,247,A:247obs/247span,
3HLV,ok,holo,J2Z,499,A:240obs/245span;B:240obs/245span;C:9obs/9span;D:10obs/10span,
3HM1,ok,holo,CME;J3Z,487,A:232obs/243span;B:236obs/248span;C:10obs/10span;D:9obs/9span,
3L03,ok,holo,4OH;CME,497,A:235obs/244span;B:242obs/246span;C:11obs/11span;D:9obs/9span,
3OS8,ok,holo,CME;KN0,944,A:240obs/241span;B:240obs/241span;C:234obs/242span;D:230obs/243span,
3OS9,ok,holo,KN1,890,A:233obs/240span;B:228obs/241span;C:221obs/242span;D:208obs/239span,
3OSA,ok,holo,KN3,934,A:239obs/241span;B:239obs/241span;C:230obs/242span;D:226obs/243span,
3Q95,ok,holo,CME;ESL,518,A:243obs/246span;B:251obs/253span;C:11obs/11span;D:13obs/13span,
3UU7,ok,holo,2OH;CSO,487,A:237obs/244span;B:232obs/245span;F:9obs/9span;G:9obs/9span,
3UUA,ok,holo,0CZ;CSO,487,A:241obs/244span;B:228obs/244span;F:9obs/9span;G:9obs/9span,
3UUC,ok,holo,0D1;CSO,908,A:220obs/240span;B:229obs/247span;C:228obs/240span;D:231obs/246span,
3UUD,ok,holo,CSO;EST,495,A:240obs/245span;B:235obs/247span;C:9obs/9span;D:11obs/11span,
4AA6,ok,holo,ZN,276,A:69obs/71span;B:70obs/71span;E:68obs/70span;F:69obs/71span,DNA based
4DMA,ok,holo,0L8,496,A:238obs/245span;B:235obs/246span;E:11obs/11span;F:12obs/12span,
4IU7,ok,holo,1GM,491,A:235obs/245span;B:237obs/245span;C:10obs/10span;D:9obs/9span,
4IUI,ok,holo,1GQ,450,A:211obs/244span;B:221obs/242span;C:9obs/9span;D:9obs/9span,
4IV2,ok,holo,1GR,488,A:231obs/244span;B:238obs/244span;C:10obs/10span;D:9obs/9span,
4IV4,ok,holo,1GS,480,A:229obs/244span;B:232obs/244span;C:10obs/10span;D:9obs/9span,
4IVW,ok,holo,1GJ,491,A:234obs/246span;B:238obs/245span;C:10obs/10span;D:9obs/9span,
4IVY,ok,holo,1GT,480,A:229obs/245span;B:232obs/244span;C:10obs/10span;D:9obs/9span,
4IW6,ok,holo,1GU,487,A:233obs/245span;B:235obs/244span;C:10obs/10span;D:9obs/9span,
4IW8,ok,holo,KN3,492,A:239obs/244span;B:233obs/245span;C:10obs/10span;D:10obs/10span,
4IWC,ok,holo,1GV,495,A:236obs/244span;B:240obs/245span;C:10obs/10span;D:9obs/9span,
4IWF,ok,holo,15Q,483,A:236obs/244span;B:228obs/243span;C:10obs/10span;D:9obs/9span,
4JC3,ok,holo,TPO,240,A:236obs/236span;B:4obs/5span,
4JDD,ok,holo,FSC;TPO,240,A:236obs/236span;B:4obs/5span,
4MG6,ok,holo,27G;CSO,485,A:233obs/244span;B:234obs/246span;C:9obs/9span;D:9obs/9span,
4MG7,ok,holo,27H;CSO,489,A:238obs/245span;B:232obs/246span;C:9obs/9span;D:10obs/10span,
4MG8,ok,holo,27J;CSO,494,A:240obs/244span;B:234obs/247span;C:10obs/10span;D:10obs/10span,
4MG9,ok,holo,27K;CSO,489,A:241obs/244span;B:230obs/245span;F:9obs/9span;G:9obs/9span,
4MGA,ok,holo,27L;CSO,491,A:239obs/245span;B:233obs/246span;C:9obs/9span;D:10obs/10span,
4MGB,ok,holo,CSO;XDH,490,A:239obs/244span;B:232obs/246span;C:9obs/9span;D:10obs/10span,
4MGC,ok,holo,27M;CSO,487,A:235obs/244span;B:234obs/245span;F:9obs/9span;G:9obs/9span,
4MGD,ok,holo,27N;CSO,493,A:240obs/245span;B:234obs/246span;F:9obs/9span;G:10obs/10span,
4O6F,ok,holo,PE8;SAH;ZN,440,A:430obs/430span;B:10obs/10span,DNA based
4PP6,ok,holo,STL,482,A:234obs/244span;B:230obs/244span;C:9obs/9span;D:9obs/9span,
4PPP,ok,holo,FSV,479,A:228obs/244span;B:235obs/240span;C:7obs/7span;D:9obs/9span,
4PPS,ok,holo,ESE,495,A:238obs/244span;B:236obs/244span;C:12obs/12span;D:9obs/9span,
4PXM,ok,holo,EST,469,A:230obs/243span;B:226obs/244span;C:6obs/6span;D:7obs/7span,
4Q13,ok,apo,,466,A:226obs/243span;B:226obs/243span;C:6obs/6span;D:8obs/8span,
4Q50,ok,holo,OHT,1730,A:210obs/239span;B:209obs/239span;C:220obs/241span;D:216obs/240span;E:218obs/240span;F:220obs/239span;G:219obs/240span;H:218obs/240span,
4TUZ,ok,holo,36J;CSO,494,A:235obs/245span;B:241obs/245span;F:9obs/9span;G:9obs/9span,
4TV1,ok,holo,36M;CSO,482,A:233obs/244span;B:231obs/243span;C:9obs/9span;D:9obs/9span,
4XI3,ok,holo,29S,918,A:230obs/240span;B:233obs/239span;C:236obs/240span;D:219obs/238span,
4ZN7,ok,holo,DES,490,A:234obs/244span;B:236obs/244span;C:9obs/9span;D:11obs/11span,
4ZN9,ok,holo,OBH,491,A:237obs/250span;B:235obs/250span;C:10obs/10span;D:9obs/9span,
4ZNH,ok,holo,OBC,484,A:239obs/246span;B:227obs/244span;C:9obs/9span;D:9obs/9span,
4ZNS,ok,holo,OFB,486,A:231obs/246span;B:236obs/244span;C:10obs/10span;D:9obs/9span,
4ZNT,ok,holo,OBB,480,A:229obs/244span;B:233obs/244span;C:9obs/9span;D:9obs/9span,
4ZNU,ok,holo,4Q9,480,A:235obs/243span;B:226obs/246span;C:9obs/9span;D:10obs/10span,
4ZNV,ok,holo,4Q7,499,A:237obs/249span;B:243obs/248span;C:9obs/9span;D:10obs/10span,
4ZNW,ok,holo,OBM,481,A:234obs/246span;B:228obs/244span;C:10obs/10span;D:9obs/9span,
5AAU,ok,holo,XBR,451,A:229obs/250span;B:222obs/237span,
5AAV,ok,holo,GW5,441,A:232obs/249span;B:209obs/240span,
5ACC,ok,holo,KE9,228,A:228obs/239span,
5AK2,ok,holo,85Z,438,A:228obs/250span;B:210obs/238span,
5DI7,ok,holo,5CQ,506,A:241obs/244span;B:245obs/245span;C:10obs/10span;D:10obs/10span,
5DID,ok,holo,5CK,509,A:244obs/246span;B:245obs/245span;C:10obs/10span;D:10obs/10span,
5DIE,ok,holo,5CJ,491,A:236obs/244span;B:235obs/244span;C:10obs/10span;D:10obs/10span,
5DIG,ok,holo,5CE,503,A:241obs/248span;B:242obs/245span;C:10obs/10span;D:10obs/10span,
5DK9,ok,holo,5CC,483,A:230obs/243span;B:235obs/244span;C:9obs/9span;D:9obs/9span,
5DKB,ok,holo,5C9,482,A:230obs/244span;B:232obs/243span;C:10obs/10span;D:10obs/10span,
5DKE,ok,holo,5C8,476,A:221obs/244span;B:235obs/250span;C:10obs/10span;D:10obs/10span,
5DKG,ok,holo,5C7,491,A:231obs/245span;B:240obs/245span;C:10obs/10span;D:10obs/10span,
5DKS,ok,holo,5C6,470,A:225obs/244span;B:227obs/242span;C:9obs/9span;D:9obs/9span,
5DL4,ok,holo,5C4,497,A:237obs/247span;B:240obs/244span;C:10obs/10span;D:10obs/10span,
5DLR,ok,holo,5DJ,493,A:233obs/245span;B:240obs/246span;C:10obs/10span;D:10obs/10span,
5DMC,ok,holo,5DH,473,A:223obs/243span;B:231obs/243span;C:10obs/10span;D:9obs/9span,
5DMF,ok,holo,5DG,491,A:236obs/244span;B:233obs/243span;C:12obs/12span;D:10obs/10span,
5DP0,ok,holo,5ES,479,A:229obs/244span;B:232obs/244span;C:9obs/9span;D:9obs/9span,
5DRJ,ok,holo,5EU,496,A:234obs/244span;B:242obs/245span;C:10obs/10span;D:10obs/10span,
5DRM,ok,holo,5ET,493,A:239obs/244span;B:235obs/244span;C:10obs/10span;D:9obs/9span,
5DTV,ok,holo,5FS,486,A:230obs/244span;B:238obs/244span;C:9obs/9span;D:9obs/9span,
5DU5,ok,holo,5G2,484,A:231obs/244span;B:235obs/244span;C:9obs/9span;D:9obs/9span,
5DUE,ok,holo,5FY,496,A:235obs/244span;B:242obs/246span;C:10obs/10span;D:9obs/9span,
5DUG,ok,holo,5FV,487,A:234obs/243span;B:234obs/244span;C:10obs/10span;D:9obs/9span,
5DUH,ok,holo,5FT,488,A:236obs/244span;B:233obs/245span;C:10obs/10span;D:9obs/9span,
5DVS,ok,holo,5G7,472,A:231obs/242span;B:223obs/243span;C:9obs/9span;D:9obs/9span,
5DVV,ok,holo,5G6,431,A:209obs/239span;B:210obs/239span;C:5obs/5span;D:7obs/7span,
5DWE,ok,holo,5G5,483,A:236obs/248span;B:229obs/245span;C:9obs/9span;D:9obs/9span,
5DWG,ok,holo,5G4,456,A:225obs/244span;B:216obs/238span;C:8obs/8span;D:7obs/7span,
5DWI,ok,holo,5G3,482,A:232obs/244span;B:231obs/244span;C:10obs/10span;D:9obs/9span,
5DWJ,ok,holo,5J2,479,A:231obs/244span;B:229obs/245span;C:10obs/10span;D:9obs/9span,
5DX3,ok,holo,5GM;EST;MK8;NH2,473,A:231obs/241span;B:224obs/241span;C:9obs/11span;D:9obs/11span,
5DXB,ok,holo,66D;EST;MK8;NH2;SCH,473,A:231obs/242span;B:224obs/242span;D:9obs/11span;E:9obs/11span,
5DXE,ok,holo,EST;MK8;NH2;SCH,468,A:228obs/241span;B:222obs/241span;C:9obs/11span;D:9obs/11span,
5DXG,ok,holo,EST;MH8;NH2;SCH,464,A:228obs/242span;B:219obs/241span;C:9obs/11span;D:8obs/10span,
5DXK,ok,holo,5J1,492,A:234obs/244span;B:239obs/245span;C:10obs/10span;D:9obs/9span,
5DXM,ok,holo,5J0,489,A:234obs/244span;B:237obs/243span;C:9obs/9span;D:9obs/9span,
5DXP,ok,holo,5HX,471,A:222obs/243span;B:230obs/243span;C:10obs/10span;D:9obs/9span,
5DXQ,ok,holo,5HZ,479,A:227obs/243span;B:232obs/245span;C:10obs/10span;D:10obs/10span,
5DXR,ok,holo,5HW,490,A:235obs/245span;B:236obs/244span;C:9obs/9span;D:10obs/10span,
5DY8,ok,holo,5K4,487,A:233obs/245span;B:235obs/245span;C:10obs/10span;D:9obs/9span,
5DYB,ok,holo,5K2,482,A:229obs/244span;B:234obs/244span;C:10obs/10span;D:9obs/9span,
5DYD,ok,holo,5K1,474,A:225obs/243span;B:231obs/241span;C:9obs/9span;D:9obs/9span,
5DZ0,ok,holo,5K0,490,A:236obs/245span;B:234obs/245span;C:10obs/10span;D:10obs/10span,
5DZ1,ok,holo,5JY,492,A:232obs/246span;B:241obs/244span;C:10obs/10span;D:9obs/9span,
5DZ3,ok,holo,5JX,489,A:231obs/245span;B:238obs/245span;C:11obs/11span;D:9obs/9span,
5DZH,ok,holo,5KG,491,A:235obs/246span;B:235obs/246span;C:10obs/10span;D:11obs/11span,
5DZI,ok,holo,5KF,497,A:235obs/245span;B:239obs/243span;C:13obs/13span;D:10obs/10span,
5E0W,ok,holo,5KE,484,A:234obs/244span;B:230obs/244span;C:10obs/10span;D:10obs/10span,
5E0X,ok,holo,5KD,478,A:230obs/244span;B:230obs/244span;C:9obs/9span;D:9obs/9span,
5E14,ok,holo,5KB,488,A:232obs/244span;B:237obs/245span;C:9obs/9span;D:10obs/10span,
5E15,ok,holo,5KA,469,A:218obs/246span;B:233obs/245span;C:9obs/9span;D:9obs/9span,
5E19,ok,holo,5K7,490,A:233obs/244span;B:238obs/244span;C:9obs/9span;D:10obs/10span,
5E1C,ok,holo,5K8,500,A:237obs/246span;B:241obs/244span;C:12obs/12span;D:10obs/10span,
5EGV,ok,holo,5OS,480,A:229obs/245span;B:232obs/242span;C:10obs/10span;D:9obs/9span,
5EHJ,ok,holo,5K5,482,A:229obs/244span;B:234obs/244span;C:9obs/9span;D:10obs/10span,
5EI1,ok,holo,5OR,484,A:232obs/243span;B:233obs/244span;C:10obs/10span;D:9obs/9span,
5EIT,ok,holo,5P1,489,A:234obs/245span;B:235obs/245span;C:11obs/11span;D:9obs/9span,
5FQP,ok,holo,GQD,242,A:242obs/242span,
5FQR,ok,holo,QHG,228,A:228obs/239span,
5FQS,ok,holo,J0W,233,A:233obs/239span,
5FQT,ok,holo,7QN,233,A:233obs/239span,
5FQV,ok,holo,VQI,233,A:233obs/239span,
5GS4,ok,holo,DNP;EST;IAS;NH2,243,A:236obs/243span;B:7obs/9span,
5GTR,ok,holo,0JY;DPP;EST;IAS;NH2,240,A:236obs/243span;C:4obs/9span,
5HYR,ok,holo,66D;EST;MK8;NH2,472,A:231obs/243span;B:223obs/241span;F:9obs/11span;G:9obs/11span,
5JMM,ok,holo,CSO;QSO,482,A:230obs/243span;B:233obs/245span;F:9obs/9span;G:10obs/10span,
5KCC,ok,holo,OB1,483,A:237obs/244span;B:227obs/246span;C:10obs/10span;D:9obs/9span,
5KCD,ok,holo,OB2,476,A:231obs/244span;B:226obs/244span;C:10obs/10span;D:9obs/9span,
5KCE,ok,holo,OB3,480,A:223obs/247span;B:239obs/244span;C:10obs/10span;D:8obs/8span,
5KCF,ok,holo,OB4;OB5,482,A:236obs/247span;B:227obs/244span;C:9obs/9span;D:10obs/10span,
5KCT,ok,holo,OB6;OB7,481,A:236obs/246span;B:226obs/243span;C:10obs/10span;D:9obs/9span,
5KCU,ok,holo,OB8,472,A:226obs/243span;B:227obs/241span;C:10obs/10span;D:9obs/9span,
5KCW,ok,holo,OB9,476,A:233obs/245span;B:224obs/244span;C:10obs/10span;D:9obs/9span,
5KD9,ok,holo,OBT,482,A:235obs/244span;B:228obs/243span;C:10obs/10span;D:9obs/9span,
5KR9,ok,holo,CUE,490,A:236obs/246span;B:233obs/244span;C:12obs/12span;D:9obs/9span,
5KRA,ok,holo,6WS;6WT,970,A:226obs/244span;B:240obs/245span;C:10obs/10span;D:9obs/9span;E:228obs/244span;F:237obs/245span;G:10obs/10span;H:10obs/10span,
5KRC,ok,holo,ZER,491,A:233obs/245span;B:238obs/246span;C:10obs/10span;D:10obs/10span,
5KRF,ok,holo,6WL,490,A:234obs/245span;B:236obs/245span;C:10obs/10span;D:10obs/10span,
5KRH,ok,holo,6WN,488,A:231obs/244span;B:237obs/244span;C:10obs/10span;D:10obs/10span,
5KRI,ok,holo,6WM,486,A:234obs/244span;B:233obs/243span;C:10obs/10span;D:9obs/9span,
5KRJ,ok,holo,6WP,480,A:231obs/245span;B:229obs/243span;C:10obs/10span;D:10obs/10span,
5KRK,ok,holo,6WQ,468,A:228obs/244span;B:221obs/242span;C:10obs/10span;D:9obs/9span,
5KRL,ok,holo,6WR,483,A:236obs/244span;B:228obs/244span;C:10obs/10span;D:9obs/9span,
5KRM,ok,holo,6WU,496,A:237obs/245span;B:240obs/245span;C:9obs/9span;D:10obs/10span,
5KRO,ok,holo,6WW,475,A:229obs/243span;B:228obs/242span;C:9obs/9span;D:9obs/9span,
5N10,ok,holo,C8L;TPO,488,A:231obs/231span;B:236obs/236span;C:14obs/15span;D:3obs/3span;F:4obs/5span,
5T0X,ok,apo,,186,A:148obs/148span;B:19obs/19span;C:19obs/19span,
5T1Z,ok,holo,Q97,501,A:240obs/245span;B:238obs/244span;C:10obs/10span;D:13obs/13span,
5T92,ok,holo,77W,366,A:183obs/216span;B:183obs/220span,
5T97,ok,holo,782,368,A:177obs/216span;B:191obs/218span,
5TLD,ok,holo,6WV,484,A:230obs/244span;B:235obs/244span;C:10obs/10span;D:9obs/9span,
5TLF,ok,holo,7EF,492,A:237obs/245span;B:235obs/244span;C:10obs/10span;D:10obs/10span,
5TLG,ok,holo,7EG,483,A:229obs/244span;B:236obs/244span;C:9obs/9span;D:9obs/9span,
5TLL,ok,holo,7EL,487,A:235obs/244span;B:234obs/244span;C:9obs/9span;D:9obs/9span,
5TLM,ok,holo,7EM,470,A:226obs/243span;B:227obs/243span;C:9obs/9span;D:8obs/8span,
5TLO,ok,holo,7EE,479,A:229obs/243span;B:232obs/244span;C:9obs/9span;D:9obs/9span,
5TLP,ok,holo,7EH;7ET,458,A:234obs/244span;B:207obs/224span;C:10obs/10span;D:7obs/7span,
5TLT,ok,holo,7ED,493,A:234obs/246span;B:240obs/245span;C:10obs/10span;D:9obs/9span,
5TLU,ok,holo,7EE,486,A:229obs/244span;B:238obs/245span;C:10obs/10span;D:9obs/9span,
5TLV,ok,holo,7ES,504,A:239obs/245span;B:242obs/244span;C:12obs/12span;D:11obs/11span,
5TLX,ok,holo,7EH;7G5,496,A:234obs/244span;B:242obs/244span;C:10obs/10span;D:10obs/10span,
5TLY,ok,holo,7ER,488,A:233obs/245span;B:236obs/244span;C:9obs/9span;D:10obs/10span,
5TM1,ok,holo,7EQ,463,A:220obs/243span;B:226obs/239span;C:8obs/8span;D:9obs/9span,
5TM2,ok,holo,7EO,466,A:217obs/241span;B:231obs/240span;C:9obs/9span;D:9obs/9span,
5TM3,ok,holo,7EN,494,A:231obs/244span;B:243obs/246span;C:9obs/9span;D:11obs/11span,
5TM4,ok,holo,7E3,463,A:228obs/244span;B:218obs/244span;C:9obs/9span;D:8obs/8span,
5TM5,ok,holo,7EV,491,A:239obs/244span;B:233obs/245span;C:9obs/9span;D:10obs/10span,
5TM6,ok,holo,7J9,497,A:234obs/245span;B:243obs/245span;C:10obs/10span;D:10obs/10span,
5TM7,ok,holo,7JY,495,A:234obs/247span;B:240obs/244span;C:10obs/10span;D:11obs/11span,
5TM8,ok,holo,7K6,484,A:235obs/244span;B:228obs/245span;C:11obs/11span;D:10obs/10span,
5TM9,ok,holo,7KL,442,A:215obs/223span;B:211obs/225span;C:9obs/9span;D:7obs/7span,
5TML,ok,holo,7E1,496,A:235obs/249span;B:241obs/244span;C:9obs/9span;D:11obs/11span,
5TMM,ok,holo,7M4,462,A:223obs/243span;B:222obs/244span;C:8obs/8span;D:9obs/9span,
5TMO,ok,holo,7M1,495,A:235obs/245span;B:239obs/244span;C:10obs/10span;D:11obs/11span,
5TMQ,ok,holo,7M7,496,A:234obs/244span;B:243obs/246span;C:9obs/9span;D:10obs/10span,
5TMR,ok,holo,7FD,500,A:242obs/245span;B:237obs/245span;C:10obs/10span;D:11obs/11span,
5TMS,ok,holo,7FG,497,A:234obs/244span;B:243obs/247span;C:10obs/10span;D:10obs/10span,
5TMT,ok,holo,7FJ,491,A:237obs/244span;B:234obs/245span;C:9obs/9span;D:11obs/11span,
5TMU,ok,holo,7FL,497,A:241obs/244span;B:235obs/245span;C:11obs/11span;D:10obs/10span,
5TMV,ok,holo,7FO,495,A:236obs/245span;B:239obs/245span;C:10obs/10span;D:10obs/10span,
5TMW,ok,holo,7FP,499,A:240obs/247span;B:240obs/245span;C:9obs/9span;D:10obs/10span,
5TMZ,ok,holo,7FQ,499,A:236obs/245span;B:243obs/245span;C:10obs/10span;D:10obs/10span,
5TN1,ok,holo,7FR,510,A:245obs/248span;B:245obs/247span;C:9obs/9span;D:11obs/11span,
5TN3,ok,holo,7FS,502,A:238obs/246span;B:243obs/246span;C:11obs/11span;D:10obs/10span,
5TN4,ok,holo,7FZ,499,A:234obs/244span;B:243obs/245span;C:11obs/11span;D:11obs/11span,
5TN5,ok,holo,7G0,493,A:235obs/245span;B:235obs/244span;C:13obs/13span;D:10obs/10span,
5TN6,ok,holo,7G1,486,A:236obs/244span;B:230obs/244span;C:10obs/10span;D:10obs/10span,
5TN7,ok,holo,7G2,489,A:236obs/244span;B:235obs/243span;C:9obs/9span;D:9obs/9span,
5TN8,ok,holo,7G3,481,A:228obs/244span;B:235obs/241span;C:9obs/9span;D:9obs/9span,
5TN9,ok,holo,7EC,876,A:222obs/241span;B:211obs/242span;C:224obs/240span;D:219obs/242span,
5TNB,ok,holo,7EB,898,A:227obs/241span;B:215obs/242span;C:229obs/241span;D:227obs/242span,
5U2B,ok,holo,6WV,1386,A:242obs/250span;B:228obs/245span;C:244obs/250span;D:226obs/247span;E:221obs/243span;F:225obs/247span,
5U2D,ok,holo,OBH,508,A:246obs/249span;B:239obs/251span;C:12obs/12span;D:11obs/11span,
5UFW,ok,holo,86V,466,A:237obs/240span;B:229obs/241span,
5UFX,ok,holo,86Y,465,A:234obs/239span;B:231obs/242span,
5W9C,ok,holo,OHT,922,A:233obs/239span;B:234obs/239span;C:228obs/239span;D:227obs/237span,
5W9D,ok,holo,9XY,479,A:242obs/244span;B:237obs/239span,
5WGD,ok,holo,EST;NH2,471,A:228obs/240span;B:222obs/242span;E:11obs/11span;F:10obs/10span,
5WGQ,ok,holo,EST;MK8;NH2,477,A:231obs/240span;B:229obs/243span;E:9obs/11span;F:8obs/10span,
6B0F,ok,holo,C6V,389,A:204obs/236span;B:185obs/218span,
6C42,ok,holo,85M,459,A:234obs/238span;B:225obs/242span,
6CBZ,ok,holo,EST;SCH,466,A:227obs/241span;B:223obs/242span;C:8obs/8span;D:8obs/8span,
6CHW,ok,holo,DMS;F3D,246,A:246obs/246span,
6CHZ,ok,holo,F3D,246,A:246obs/246span,
6CZN,ok,holo,FNJ,451,A:212obs/241span;B:222obs/243span;C:8obs/8span;D:9obs/9span,
6D0F,ok,holo,FYS,445,A:209obs/238span;B:217obs/241span;C:9obs/9span;D:10obs/10span,
6DF6,ok,holo,G8Y,919,A:235obs/241span;B:220obs/241span;C:233obs/241span;D:231obs/241span,
6DFN,ok,holo,G91;G9J,901,A:234obs/241span;B:218obs/241span;C:228obs/239span;D:221obs/241span,
6HHP,ok,holo,G4Z;TPO,240,A:236obs/236span;B:4obs/5span,
6HKB,ok,holo,G8Q;TPO,240,A:236obs/236span;B:4obs/5span,
6HKF,ok,holo,G8T;TPO,240,A:236obs/236span;B:4obs/5span,
6HMU,ok,holo,GE8;TPO,240,A:236obs/236span;B:4obs/5span,
6IAR,ok,holo,H8W,237,A:237obs/241span,
6OWC,ok,holo,ND1,474,A:232obs/242span;B:242obs/247span,
6PET,ok,holo,DMS;G9J;ODY,922,A:220obs/240span;B:225obs/239span;C:239obs/242span;D:238obs/241span,
6PFM,ok,holo,OGJ,459,A:224obs/224span;D:235obs/239span,
6PIT,ok,holo,EST;LOU;SCH,446,A:220obs/241span;B:217obs/240span;C:2obs/3span;D:7obs/8span,
6PSJ,ok,holo,29S,447,A:232obs/244span;B:215obs/239span,
6SBO,ok,holo,L5B,481,A:239obs/245span;B:242obs/245span,
6SQ0,ok,holo,LRQ,439,A:229obs/250span;B:210obs/237span,
6SUO,ok,holo,LVH,430,A:228obs/250span;B:202obs/235span,
6TJM,ok,holo,NE5;TPO,233,A:229obs/236span;B:4obs/5span,
6TL3,ok,holo,CSO;NJW;TPO,231,A:227obs/236span;B:4obs/5span,
6V87,ok,holo,OHT,427,A:213obs/237span;B:214obs/240span,
6V8T,ok,holo,C6V,424,A:210obs/240span;B:214obs/238span,
6VGH,ok,holo,C3D,456,A:229obs/244span;B:227obs/239span,
6VJD,ok,holo,C3D,944,A:235obs/242span;B:235obs/239span;C:239obs/242span;D:235obs/239span,
6VPF,ok,holo,53Q,952,A:236obs/239span;B:243obs/244span;C:237obs/241span;D:236obs/239span,
6WOK,ok,holo,G9J;U6D,919,A:225obs/240span;B:230obs/240span;C:233obs/240span;D:231obs/240span,
6ZOQ,ok,holo,QNE,459,A:234obs/250span;B:225obs/242span,
6ZOR,ok,holo,QNH,465,A:238obs/250span;B:227obs/242span,
6ZOS,ok,holo,QNK,476,A:243obs/250span;B:233obs/240span,
7B9M,ok,holo,T4W;TPO,240,A:236obs/236span;B:4obs/5span,
7B9R,ok,holo,T4Q;TPO,240,A:236obs/236span;B:4obs/5span,
7B9T,ok,holo,T4Z;TPO,240,A:236obs/236span;B:4obs/5span,
7BA3,ok,holo,T5N;TPO,241,A:236obs/236span;B:5obs/6span,
7BA5,ok,holo,T5T;TPO,241,A:236obs/236span;B:5obs/6span,
7BA6,ok,holo,T5Q;TPO,241,A:236obs/236span;B:5obs/6span,
7BA7,ok,holo,T5W;TPO,240,A:236obs/236span;B:4obs/5span,
7BA8,ok,holo,T6H;TPO,240,A:236obs/236span;B:4obs/5span,
7BA9,ok,holo,T6N;TPO,240,A:236obs/236span;B:4obs/5span,
7BAA,ok,holo,T5Z;TPO,240,A:236obs/236span;B:4obs/5span,
7BAB,ok,holo,T6W;TPO,240,A:236obs/236span;B:4obs/5span,
7JHD,ok,holo,V9J,463,A:224obs/242span;B:223obs/242span;C:8obs/8span;D:8obs/8span,
7KBS,ok,holo,RAL,476,A:242obs/244span;B:234obs/241span,
7MSA,ok,holo,G9J;ZNM,912,A:225obs/240span;B:228obs/240span;C:225obs/239span;D:234obs/240span,
7N9O,ok,holo,5YR,951,A:239obs/242span;B:235obs/240span;C:240obs/244span;D:237obs/239span,
7NDO,ok,holo,RAL,469,A:232obs/237span;B:237obs/239span,
7NEL,ok,holo,EST,510,A:242obs/244span;B:245obs/245span;C:12obs/12span;D:11obs/11span,
7NFB,ok,holo,GEN,506,A:241obs/243span;B:244obs/244span;C:10obs/10span;D:11obs/11span,
7NFW,ok,holo,TPO,235,A:231obs/236span;B:4obs/5span,
7NIZ,ok,holo,FSC;TPO;UGH,235,A:231obs/236span;B:4obs/5span,
7OPW,ok,holo,0AW;TPO,233,A:229obs/236span;B:4obs/5span,
7OQ7,ok,holo,09W;TPO,233,A:229obs/236span;B:4obs/5span,
7OQ8,ok,holo,0B7;CME;TPO,231,B:4obs/5span;C:227obs/236span,
7PWT,ok,holo,PJN;TPO,231,A:227obs/236span;B:4obs/5span,
7PWZ,ok,holo,8CQ;TPO,230,A:226obs/236span;B:4obs/5span,
7QVJ,ok,holo,H09,477,A:238obs/250span;B:239obs/246span,
7QVL,ok,holo,GZI,456,A:231obs/250span;B:225obs/239span,
7R62,ok,holo,3YJ,234,A:234obs/238span,
7RKE,ok,holo,5VP,466,A:220obs/240span;B:229obs/241span;C:7obs/7span;D:10obs/10span,
7RNM,ok,holo,61Z,465,A:219obs/241span;B:229obs/241span;C:8obs/8span;D:9obs/9span,
7RRX,ok,holo,7AI;YCM,901,A:234obs/240span;B:219obs/242span;C:233obs/240span;D:215obs/243span,
7RRY,ok,holo,L84;YCM,883,A:231obs/244span;B:219obs/240span;C:225obs/242span;D:208obs/239span,
7RRZ,ok,holo,77I;YCM,906,A:233obs/241span;B:228obs/242span;C:228obs/241span;D:217obs/242span,
7RS0,ok,holo,7I9;YCM,905,A:241obs/242span;B:220obs/242span;C:235obs/242span;D:209obs/242span,
7RS1,ok,holo,7Q5;YCM,908,A:230obs/242span;B:220obs/244span;C:232obs/242span;D:226obs/242span,
7RS2,ok,holo,7I5;YCM,950,A:244obs/252span;B:228obs/244span;C:246obs/252span;D:232obs/244span,
7RS3,ok,holo,7OR;YCM,866,A:222obs/242span;B:211obs/223span;C:197obs/221span;D:236obs/244span,
7RS4,ok,holo,7I0;YCM,973,A:243obs/247span;B:245obs/246span;C:243obs/244span;D:242obs/250span,
7RS7,ok,holo,73I;YCM,948,A:242obs/249span;B:227obs/242span;C:242obs/248span;D:237obs/242span,
7RS8,ok,holo,7EI;YCM,898,A:227obs/239span;B:226obs/242span;C:228obs/241span;D:217obs/240span,
7RS9,ok,holo,7OI;YCM,923,A:241obs/243span;B:224obs/242span;C:236obs/242span;D:222obs/242span,
7SFO,ok,holo,98L,466,A:220obs/240span;B:229obs/241span;C:7obs/7span;D:10obs/10span,
7T2X,ok,holo,EMY,455,A:210obs/238span;B:227obs/241span;C:8obs/8span;D:10obs/10span,
7TE7,ok,holo,I0V,234,A:234obs/241span,
7UJ7,ok,holo,NYU,872,A:216obs/241span;B:222obs/239span;C:211obs/239span;D:223obs/242span,
7UJ8,ok,holo,OHT,427,A:214obs/240span;B:213obs/237span,
7UJC,ok,holo,RAL,446,A:229obs/244span;B:217obs/241span,
7UJF,ok,holo,R3V,938,A:232obs/240span;B:235obs/244span;C:238obs/242span;D:233obs/240span,
7UJM,ok,holo,RL4,951,A:233obs/239span;B:238obs/244span;C:242obs/244span;D:238obs/238span,
7UJO,ok,holo,QYM,938,A:231obs/238span;B:234obs/237span;C:233obs/238span;D:240obs/242span,
7UJW,ok,holo,R3V,848,A:210obs/240span;B:212obs/240span;C:208obs/238span;D:218obs/242span,
7UJY,ok,holo,RL4,920,A:228obs/240span;B:231obs/244span;C:234obs/244span;D:227obs/239span,
7WNV,ok,holo,2I9,886,A:224obs/240span;B:217obs/240span;C:219obs/239span;D:226obs/238span,
7Y8F,ok,holo,IC7,472,A:236obs/248span;B:220obs/240span;C:8obs/8span;D:8obs/8span,
7Y8G,ok,holo,IAT,489,A:237obs/247span;B:236obs/245span;C:8obs/8span;D:8obs/8span,
7YMK,ok,holo,IX0,473,A:237obs/249span;B:220obs/222span;C:8obs/8span;D:8obs/8span,
8AFN,ok,holo,O6C;TPO,240,A:236obs/236span;B:4obs/5span,
8AI0,ok,holo,M79;TPO,240,A:236obs/236span;B:4obs/5span,
8ALR,ok,holo,MVU;TPO,240,A:236obs/236span;B:4obs/5span,
8ALT,ok,holo,MU9;TPO,240,A:236obs/236span;B:4obs/5span,
8ALV,ok,holo,MV3;TPO,240,A:236obs/236span;B:4obs/5span,
8ALW,ok,holo,MVO;TPO,240,A:236obs/236span;B:4obs/5span,
8AM7,ok,holo,MRF;TPO,240,A:236obs/236span;B:4obs/5span,
8ANF,ok,holo,N1R;TPO,240,A:236obs/236span;B:4obs/5span,
8AOY,ok,holo,N0L;TPO,240,A:236obs/236span;B:4obs/5span,
8APS,ok,holo,NJ3;TPO,240,A:236obs/236span;B:4obs/5span,
8AQ1,ok,holo,NJC;TPO,240,A:236obs/236span;B:4obs/5span,
8AQC,ok,holo,NIB;TPO,240,A:236obs/236span;B:4obs/5span,
8AQE,ok,holo,NE9;TPO,240,A:236obs/236span;B:4obs/5span,
8AQZ,ok,holo,NF9;TPO,240,A:236obs/236span;B:4obs/5span,
8AR4,ok,holo,NG9;TPO,240,A:236obs/236span;B:4obs/5span,
8AR5,ok,holo,NJI;TPO,240,A:236obs/236span;B:4obs/5span,
8ARG,ok,holo,ND9;TPO,240,A:236obs/236span;B:4obs/5span,
8ARO,ok,holo,NJR;TPO,240,A:236obs/236span;B:4obs/5span,
8ARQ,ok,holo,NKL;TPO,240,A:236obs/236span;B:4obs/5span,
8ARR,ok,holo,NK6;TPO,237,A:233obs/236span;B:4obs/5span,
8ARW,ok,holo,NQ9;TPO,240,A:236obs/236span;B:4obs/5span,
8ARX,ok,holo,NR6;TPO,240,A:236obs/236span;B:4obs/5span,
8ARY,ok,holo,NQU;TPO,240,A:236obs/236span;B:4obs/5span,
8ARZ,ok,holo,NQ0;TPO,240,A:236obs/236span;B:4obs/5span,
8AS1,ok,holo,NQL;TPO,240,A:236obs/236span;B:4obs/5span,
8AT9,ok,holo,NUO;TPO,240,A:236obs/236span;B:4obs/5span,
8ATP,ok,holo,O0O;TPO,240,A:236obs/236span;B:4obs/5span,
8AU2,ok,holo,O3O;TPO,240,A:236obs/236span;B:4obs/5span,
8AUS,ok,holo,O3F;TPO,240,A:236obs/236span;B:4obs/5span,
8AUY,ok,holo,O2X;TPO,240,A:236obs/236span;B:4obs/5span,
8AV3,ok,holo,O3T;TPO,240,A:236obs/236span;B:4obs/5span,
8AV4,ok,holo,O49;TPO,240,A:236obs/236span;B:4obs/5span,
8AV7,ok,holo,CSO;O4I;TPO,239,A:235obs/236span;B:4obs/5span,
8AV8,ok,holo,O4R;TPO,233,A:229obs/236span;B:4obs/5span,
8AWG,ok,holo,O4I;TPO,240,A:236obs/236span;B:4obs/5span,
8AXE,ok,holo,ODC;TPO,240,A:236obs/236span;B:4obs/5span,
8AXU,ok,holo,O6L;TPO,240,A:236obs/236span;B:4obs/5span,
8AZE,ok,holo,O5I;TPO,240,A:236obs/236span;B:4obs/5span,
8B39,ok,holo,OT0;TPO,240,A:236obs/236span;B:4obs/5span,
8BWJ,ok,holo,CSO;RYR;TPO,239,A:235obs/236span;B:4obs/5span,
8BWX,ok,holo,CSO;RZT;TPO,239,A:235obs/236span;B:4obs/5span,
8BWZ,ok,holo,CSO;S3I;TPO,239,A:235obs/236span;B:4obs/5span,
8BX0,ok,holo,S2U;TPO,240,A:236obs/236span;B:4obs/5span,
8BX3,ok,holo,RZL;TPO,240,A:236obs/236span;B:4obs/5span,
8BX4,ok,holo,RZC;TPO,240,A:236obs/236span;B:4obs/5span,
8BXI,ok,holo,S0O;TPO,240,A:236obs/236span;B:4obs/5span,
8BXM,ok,holo,S0U;TPO,240,A:236obs/236span;B:4obs/5span,
8BXN,ok,holo,S1R;TPO,240,A:236obs/236span;B:4obs/5span,
8BXO,ok,holo,S1I;TPO,240,A:236obs/236span;B:4obs/5span,
8BXQ,ok,holo,S3U;TPO,240,A:236obs/236span;B:4obs/5span,
8BXS,ok,holo,S2E;TPO,240,A:236obs/236span;B:4obs/5span,
8BY9,ok,holo,S86;TPO,240,A:236obs/236span;B:4obs/5span,
8BYB,ok,holo,S8O;TPO,240,A:236obs/236span;B:4obs/5span,
8BYC,ok,holo,S7R;TPO,240,A:236obs/236span;B:4obs/5span,
8BYD,ok,holo,S7I;TPO,240,A:236obs/236span;B:4obs/5span,
8BYE,ok,holo,RY0;TPO,240,A:236obs/236span;B:4obs/5span,
8BYF,ok,holo,S6X;TPO,240,A:236obs/236span;B:4obs/5span,
8BYG,ok,holo,S6O;TPO,240,A:236obs/236span;B:4obs/5span,
8BYO,ok,holo,TPO;U0L,240,A:236obs/236span;B:4obs/5span,
8BYY,ok,holo,SE3;TPO,240,A:236obs/236span;B:4obs/5span,
8BYZ,ok,holo,SD7;TPO,240,A:236obs/236span;B:4obs/5span,
8BZ0,ok,holo,SDM;TPO,240,A:236obs/236span;B:4obs/5span,
8BZ9,ok,holo,LF5;TPO,240,A:236obs/236span;B:4obs/5span,
8BZA,ok,holo,L1T;TPO,240,A:236obs/236span;B:4obs/5span,
8BZB,ok,holo,GEH;SDM;TPO,240,A:236obs/236span;B:4obs/5span,
8BZC,ok,holo,GEH;SG0;TPO,240,A:236obs/236span;B:4obs/5span,
8BZD,ok,holo,SIT;TPO,240,A:236obs/236span;B:4obs/5span,
8BZE,ok,holo,SIY;TPO,240,A:236obs/236span;B:4obs/5span,
8BZF,ok,holo,SJ4;TPO,240,A:236obs/236span;B:4obs/5span,
8BZG,ok,holo,SJC;TPO,240,A:236obs/236span;B:4obs/5span,
8BZH,ok,holo,EZ5;TPO,240,A:236obs/236span;B:4obs/5span,
8BZT,ok,holo,SKR;TPO,240,A:236obs/236span;B:4obs/5span,
8BZW,ok,holo,GEH;SSX;TPO,241,A:236obs/236span;B:5obs/6span,
8C04,ok,holo,GEH;LF5;TPO,240,A:236obs/236span;B:4obs/5span,
8C0K,ok,holo,SOI;TPO,240,A:236obs/236span;B:4obs/5span,
8C0L,ok,holo,FC7;TPO,240,A:236obs/236span;B:4obs/5span,
8C42,ok,holo,SIT;TPO,240,A:236obs/236span;B:4obs/5span,
8C4F,ok,holo,TG9;TPO,240,A:236obs/236span;B:4obs/5span,
8C4G,ok,holo,KM8;TPO,240,A:236obs/236span;B:4obs/5span,
8DU6,ok,holo,TQF,452,A:229obs/240span;B:223obs/239span,
8DU8,ok,holo,TS7,451,A:233obs/240span;B:218obs/242span,
8DU9,ok,holo,TT5,436,A:221obs/237span;B:215obs/239span,
8DUB,ok,holo,TTU,446,A:228obs/239span;B:218obs/239span,
8DUC,ok,holo,TU9,218,A:218obs/239span,
8DUD,ok,holo,TV3,225,A:225obs/239span,
8DUG,ok,holo,TVF,441,A:227obs/237span;B:214obs/238span,
8DUH,ok,holo,TVL,449,A:230obs/236span;B:219obs/240span,
8DUI,ok,holo,TVX,435,A:227obs/238span;B:208obs/237span,
8DUK,ok,holo,TW6,928,A:238obs/243span;B:226obs/244span;C:238obs/243span;D:226obs/245span,
8DUS,ok,holo,TWF,1366,A:235obs/241span;B:221obs/244span;E:232obs/240span;F:220obs/243span;G:234obs/242span;H:224obs/244span,
8DV5,ok,holo,TX9,454,A:229obs/239span;B:225obs/237span,
8DV7,ok,holo,TXK,457,A:234obs/243span;B:223obs/245span,
8DV8,ok,holo,TZ3,426,A:208obs/241span;B:218obs/236span,
8DVB,ok,holo,TZI,465,A:240obs/244span;B:225obs/239span,
8EV1,ok,holo,WVR;WVW;YCM,485,A:236obs/243span;B:231obs/242span;C:9obs/9span;D:9obs/9span,
8EV2,ok,holo,LYQ;WVE,481,A:233obs/244span;B:233obs/243span;C:9obs/9span;D:6obs/6span,
8W03,ok,holo,OBT;YCM,934,A:240obs/241span;B:231obs/242span;C:240obs/241span;D:223obs/242span,
9BQE,ok,holo,TV3,434,A:228obs/244span;B:206obs/238span,
