pdb_id,chain,ligand_code,er_state,inchikey
1A52,A,EST,agonist,VOXZDWNPVJITMN-UHFFFAOYSA-N
1ERE,A,EST,agonist,VOXZDWNPVJITMN-UHFFFAOYSA-N
1ERR,A,RAL,modulator (SERM),GZUITABIAKMVPG-UHFFFAOYSA-N
1G50,A,EST,agonist,VOXZDWNPVJITMN-UHFFFAOYSA-N
1GWR,A,EST,agonist,VOXZDWNPVJITMN-UHFFFAOYSA-N
1PCG,A,EST,agonist,VOXZDWNPVJITMN-UHFFFAOYSA-N
1SJ0,A,E4D,antagonist,TWZNCTCQAGRUGQ-UHFFFAOYSA-N
1X7R,A,GEN,agonist,TZBJGXHYKVUXJN-UHFFFAOYSA-N
1XP1,A,AIH,modulator (SERM),COJFASLRENZFLP-UHFFFAOYSA-N
1XP6,A,AIU,modulator (SERM),COJFASLRENZFLP-UHFFFAOYSA-N
1XP9,A,AIJ,modulator (SERM),UZOOIPXOYYJULJ-UHFFFAOYSA-N
1XPC,A,AIT,modulator (SERM),UZOOIPXOYYJULJ-UHFFFAOYSA-N
1XQC,A,AEJ,modulator (SERM),ZGHFWBDHZZKWSI-UHFFFAOYSA-N
2AYR,A,L4G,modulator (SERM),NJVFOFMHUJJIMB-UHFFFAOYSA-N
2BJ4,A,OHT,modulator (SERM),TXUZVZSFRXZGTL-UHFFFAOYSA-N
2I0J,A,AI3,modulator (SERM),GJAUZCOXEOJGBC-UHFFFAOYSA-N
2I0K,A,AI4,modulator (SERM),COJFASLRENZFLP-UHFFFAOYSA-N
2I0L,A,AI5,modulator (SERM),COJFASLRENZFLP-UHFFFAOYSA-N
2I0M,A,AI6,modulator (SERM),COJFASLRENZFLP-UHFFFAOYSA-N
2I0N,A,AI7,modulator (SERM),UZOOIPXOYYJULJ-UHFFFAOYSA-N
2I0O,A,AI8,modulator (SERM),UZOOIPXOYYJULJ-UHFFFAOYSA-N
2I0P,A,AI9,modulator (SERM),UZOOIPXOYYJULJ-UHFFFAOYSA-N
2I0Q,A,AIA,modulator (SERM),COJFASLRENZFLP-UHFFFAOYSA-N
2I0R,A,AIB,modulator (SERM),COJFASLRENZFLP-UHFFFAOYSA-N
2I0S,A,AIC,modulator (SERM),UZOOIPXOYYJULJ-UHFFFAOYSA-N
2I0T,A,AID,modulator (SERM),UZOOIPXOYYJULJ-UHFFFAOYSA-N
2I0U,A,AIE,modulator (SERM),ZGHFWBDHZZKWSI-UHFFFAOYSA-N
2I0V,A,AIF,modulator (SERM),ZGHFWBDHZZKWSI-UHFFFAOYSA-N
2OCF,A,EST,agonist,VOXZDWNPVJITMN-UHFFFAOYSA-N
2OCM,A,EED,agonist,JOQQLJIIIQHPCA-UHFFFAOYSA-N
2P15,A,RL1,modulator (SERM),AFKQTXIOTZFCDD-UHFFFAOYSA-N
2QZO,A,DMS,antagonist,IAZDPXIOMUYVGZ-UHFFFAOYSA-N
2R6B,A,LL1,modulator (SERM),LHEMWIUTPFFJDY-UHFFFAOYSA-N
2R6C,A,LL2,modulator (SERM),WHSSJVCBIPXGLQ-UHFFFAOYSA-N
2R6D,A,LL3,modulator (SERM),CXKOOVKOCJJQKZ-UHFFFAOYSA-N
2R6E,A,LL4,modulator (SERM),KADKAXFOGHYTAW-UHFFFAOYSA-N
2R6F,A,LL5,modulator (SERM),HEBIPVFWNOJXKT-UHFFFAOYSA-N
2R6G,A,LL6,modulator (SERM),MBBPDNCRLZJZTJ-UHFFFAOYSA-N
2R6H,A,LL7,modulator (SERM),CUKZQMLKUPRPCI-UHFFFAOYSA-N
2R6I,A,LL8,modulator (SERM),JXSPACQZJWJZRJ-UHFFFAOYSA-N
2R6J,A,LL9,modulator (SERM),ZLQYQUFOVQDTBB-UHFFFAOYSA-N
2R6K,A,LLA,modulator (SERM),WKYVUKWUCFIUQS-UHFFFAOYSA-N
2R6L,A,LLD,modulator (SERM),TVQUHSHKNGGIPG-UHFFFAOYSA-N
2R6M,A,LLE,modulator (SERM),KXKVUNQNRPXUDN-UHFFFAOYSA-N
2R6N,A,LLF,modulator (SERM),OOQICAYBSYMTAA-UHFFFAOYSA-N
2R6O,A,LLG,modulator (SERM),VFPXGZQJZKWKFI-UHFFFAOYSA-N
2R6P,A,LLH,modulator (SERM),UDCRKZVYQJOLPS-UHFFFAOYSA-N
2R6Q,A,LLI,modulator (SERM),VFEMJXYPVZUIRX-UHFFFAOYSA-N
2R6R,A,LLJ,modulator (SERM),KXWCVLQWZBPJPK-UHFFFAOYSA-N
2R6S,A,LLK,modulator (SERM),FDMGBUIRDQQTLK-UHFFFAOYSA-N
2R6T,A,LLL,modulator (SERM),SAGWELPPTXQIGJ-UHFFFAOYSA-N
2R6U,A,LLM,modulator (SERM),KJUGNLJERQXZDM-UHFFFAOYSA-N
2R6V,A,LLN,modulator (SERM),NBVWFVPCTIQQHG-UHFFFAOYSA-N
2R6W,A,LLB,modulator (SERM),RLOZWABDAGQFIY-UHFFFAOYSA-N
2R6Y,A,LLC,modulator (SERM),JLERVPBPJHKRBJ-UHFFFAOYSA-N
2YAT,A,EEU,agonist,ASNZLCSGYOKOKE-UHFFFAOYSA-N
2YJA,B,EST,agonist,VOXZDWNPVJITMN-UHFFFAOYSA-N
3ERD,A,DES,agonist,RGLYKWWBQGJZGM-UHFFFAOYSA-N
3ERT,A,OHT,modulator (SERM),TXUZVZSFRXZGTL-UHFFFAOYSA-N
3Q95,A,ESL,agonist,PROQIPRRNZUXQM-UHFFFAOYSA-N
3UUD,A,EST,agonist,VOXZDWNPVJITMN-UHFFFAOYSA-N
4PP6,A,STL,agonist,LUKBXSAWLPMMSZ-UHFFFAOYSA-N
4PXM,A,EST,agonist,VOXZDWNPVJITMN-UHFFFAOYSA-N
4Q50,A,OHT,modulator (SERM),TXUZVZSFRXZGTL-UHFFFAOYSA-N
4XI3,A,29S,modulator (SERM),UCJGJABZCDBEDK-UHFFFAOYSA-N
4ZN7,A,DES,agonist,RGLYKWWBQGJZGM-UHFFFAOYSA-N
5AAU,A,XBR,antagonist,LVUWGHOKMIGPFO-UHFFFAOYSA-N
5AAV,A,GW5,antagonist,HJQQVNIORAQATK-UHFFFAOYSA-N
5DX3,A,EST,agonist,VOXZDWNPVJITMN-UHFFFAOYSA-N
5DXB,A,EST,agonist,VOXZDWNPVJITMN-UHFFFAOYSA-N
5DXE,A,EST,agonist,VOXZDWNPVJITMN-UHFFFAOYSA-N
5DXG,A,EST,agonist,VOXZDWNPVJITMN-UHFFFAOYSA-N
5FQP,A,GQD,antagonist,WHZIOQODOSOYPX-UHFFFAOYSA-N
5FQR,A,QHG,antagonist,PRJBEVDNTURUGU-UHFFFAOYSA-N
5FQS,A,J0W,antagonist,WIYPHWOCUFWQTJ-UHFFFAOYSA-N
5FQT,A,7QN,antagonist,GXHVLFQIBPXKMS-UHFFFAOYSA-N
5FQV,A,VQI,antagonist,GPXQLFBYCIDAAI-UHFFFAOYSA-N
5GS4,A,EST,agonist,VOXZDWNPVJITMN-UHFFFAOYSA-N
5GTR,A,EST,agonist,VOXZDWNPVJITMN-UHFFFAOYSA-N
5HYR,A,EST,agonist,VOXZDWNPVJITMN-UHFFFAOYSA-N
5KR9,A,CUE,agonist,ZZIALNLLNHEQPJ-UHFFFAOYSA-N
5U2B,A,6WV,agonist,KXSGDIXLRIAMPQ-UHFFFAOYSA-N
5W9C,A,OHT,modulator (SERM),TXUZVZSFRXZGTL-UHFFFAOYSA-N
6PSJ,A,29S,modulator (SERM),UCJGJABZCDBEDK-UHFFFAOYSA-N
6V87,A,OHT,modulator (SERM),TXUZVZSFRXZGTL-UHFFFAOYSA-N
6VPF,A,53Q,modulator (SERM),GKIRPKYJQBWNGO-UHFFFAOYSA-N
6WOK,A,G9J,antagonist,RWKXMXMLZHFKIZ-UHFFFAOYSA-N
6WOK,A,U6D,antagonist,YENNSFZGAPUOQB-UHFFFAOYSA-N
7JHD,A,V9J,modulator (SERM),UDBMVVLTKJMPCJ-UHFFFAOYSA-N
7KBS,A,RAL,modulator (SERM),GZUITABIAKMVPG-UHFFFAOYSA-N
7N9O,A,5YR,antagonist,DLPPNYFZXMCJHH-UHFFFAOYSA-N
7NDO,A,RAL,modulator (SERM),GZUITABIAKMVPG-UHFFFAOYSA-N
7NEL,A,EST,agonist,VOXZDWNPVJITMN-UHFFFAOYSA-N
7NFB,A,GEN,agonist,TZBJGXHYKVUXJN-UHFFFAOYSA-N
7UJ8,A,OHT,modulator (SERM),TXUZVZSFRXZGTL-UHFFFAOYSA-N
7UJC,A,RAL,modulator (SERM),GZUITABIAKMVPG-UHFFFAOYSA-N
7UJF,A,R3V,antagonist,JAVIIUAYGNOEAR-UHFFFAOYSA-N
7UJW,A,R3V,antagonist,JAVIIUAYGNOEAR-UHFFFAOYSA-N
7WNV,A,2I9,modulator (SERM),NDTWSGVXBKXSCE-UHFFFAOYSA-N